
INSERT INTO profile_formquestion (name, required, type, id, display_name) VALUES ('Project Partner Interest', false, 'text', 1, 'Company, Organization, or Event Where You Learned About SocialCoding4Good');
INSERT INTO profile_formquestion (name, required, type, id, display_name) VALUES ('Organizations', false, 'multi', 2, 'HFOSS Organizations That Interest You');
INSERT INTO profile_formquestion (name, required, type, id, display_name) VALUES ('Causes', false, 'multi', 3, 'Causes That Interest You');
INSERT INTO profile_formquestion (name, required, type, id, display_name) VALUES ('Time to Commit', true, 'multi', 4, 'How much time would you like to commit to volunteering?');
INSERT INTO profile_formquestion (name, required, type, id, display_name) VALUES ('Skills', true, 'multi', 5, 'Skills');
INSERT INTO profile_formquestion (name, required, type, id, display_name) VALUES ('Resume', false, 'file', 6, 'Resume');
INSERT INTO profile_formquestion (name, required, type, id, display_name) VALUES ('LinkedIn, Coderwall, Etc.', false, 'url', 7, 'LinkedIn, OpenHatch or CoderWall Profile URL');
INSERT INTO profile_formquestion (name, required, type, id, display_name) VALUES ('Previous Open Source?', false, 'single', 8, 'Have you previously contributed to open source projects?');
INSERT INTO profile_formquestion (name, required, type, id, display_name) VALUES ('GitHub', false, 'text', 9, 'GitHub Username');
INSERT INTO profile_formquestion (name, required, type, id, display_name) VALUES ('GoogleCode', false, 'text', 10, 'Google Code Username');
INSERT INTO profile_formquestion (name, required, type, id, display_name) VALUES ('SourceForge, Ohloh or Other Username', false, 'text', 11, 'SourceForge, Ohloh or Other Username');
INSERT INTO profile_formquestion (name, required, type, id, display_name) VALUES ('Programming Experience in These Languages', false, 'multi', 12, 'Programming Languages, Frameworks, Environments');
INSERT INTO profile_formquestion (name, required, type, id, display_name) VALUES ('Experience Level', false, 'single', 13, 'Experience Level');
INSERT INTO profile_formquestion (name, required, type, id, display_name) VALUES ('Spoken Languages', false, 'text', 14, 'What languages do you speak, read, and write?');
INSERT INTO profile_formquestion (name, required, type, id, display_name) VALUES ('How did you hear about SocialCoding4Good?', false, 'multi', 15, 'How did you hear about SocialCoding4Good?');
INSERT INTO profile_formquestion (name, required, type, id, display_name) VALUES ('Would you like us to keep you posted on the latest news from SocialCoding4Good?', false, 'single', 16, 'Would you like us to keep you posted on the latest news from SocialCoding4Good?');
INSERT INTO profile_formquestion (name, required, type, id, display_name) VALUES ('Comments', false, 'textarea', 17, 'Comments or Questions');

INSERT INTO profile_formanswer (question_id, value) VALUES (2, 'Benetech');
INSERT INTO profile_formanswer (question_id, value) VALUES (2, 'Code for America');
INSERT INTO profile_formanswer (question_id, value) VALUES (2, 'FrontlineSMS');
INSERT INTO profile_formanswer (question_id, value) VALUES (2, 'The Guardian Project');
INSERT INTO profile_formanswer (question_id, value) VALUES (2, 'Medic Mobile');
INSERT INTO profile_formanswer (question_id, value) VALUES (2, 'Mifos');
INSERT INTO profile_formanswer (question_id, value) VALUES (2, 'Sahana Software');
INSERT INTO profile_formanswer (question_id, value) VALUES (2, 'SocialCoding4Good');
INSERT INTO profile_formanswer (question_id, value) VALUES (2, 'Amara (Universal Subtitles)');
INSERT INTO profile_formanswer (question_id, value) VALUES (2, 'Ushahidi');
INSERT INTO profile_formanswer (question_id, value) VALUES (2, 'Wikimedia Foundation');
INSERT INTO profile_formanswer (question_id, value) VALUES (3, 'Civic Engagement');
INSERT INTO profile_formanswer (question_id, value) VALUES (3, 'Climate Change Mitigation');
INSERT INTO profile_formanswer (question_id, value) VALUES (3, 'Disaster Relief');
INSERT INTO profile_formanswer (question_id, value) VALUES (3, 'Education and Literacy');
INSERT INTO profile_formanswer (question_id, value) VALUES (3, 'Empowerment of Women');
INSERT INTO profile_formanswer (question_id, value) VALUES (3, 'Environmental and Species Conservation');
INSERT INTO profile_formanswer (question_id, value) VALUES (3, 'Healthcare');
INSERT INTO profile_formanswer (question_id, value) VALUES (3, 'Homelessness');
INSERT INTO profile_formanswer (question_id, value) VALUES (3, 'Human Rights');
INSERT INTO profile_formanswer (question_id, value) VALUES (3, 'Poverty Alleviation');
INSERT INTO profile_formanswer (question_id, value) VALUES (3, 'Self Sufficiency for People with Disabilities');
INSERT INTO profile_formanswer (question_id, value) VALUES (4, 'A Few Hours per Week');
INSERT INTO profile_formanswer (question_id, value) VALUES (4, 'A Few Hours per Month');
INSERT INTO profile_formanswer (question_id, value) VALUES (4, '0-8 Hours Total');
INSERT INTO profile_formanswer (question_id, value) VALUES (4, '8-20 Hours Total');
INSERT INTO profile_formanswer (question_id, value) VALUES (4, '20-40 Hours Total');
INSERT INTO profile_formanswer (question_id, value) VALUES (4, 'More Than 40 Hours Total');
INSERT INTO profile_formanswer (question_id, value) VALUES (4, 'Unknown');
INSERT INTO profile_formanswer (question_id, value) VALUES (5, 'Software Development');
INSERT INTO profile_formanswer (question_id, value) VALUES (5, 'User Interface Design');
INSERT INTO profile_formanswer (question_id, value) VALUES (5, 'Product Management');
INSERT INTO profile_formanswer (question_id, value) VALUES (5, 'Community Management');
INSERT INTO profile_formanswer (question_id, value) VALUES (5, 'Quality Assurance');
INSERT INTO profile_formanswer (question_id, value) VALUES (5, 'Project Management / Scrummaster');
INSERT INTO profile_formanswer (question_id, value) VALUES (5, 'Systems Administration');
INSERT INTO profile_formanswer (question_id, value) VALUES (5, 'Technical Documentation');
INSERT INTO profile_formanswer (question_id, value) VALUES (5, 'Technical Support');
INSERT INTO profile_formanswer (question_id, value) VALUES (8, 'Yes');
INSERT INTO profile_formanswer (question_id, value) VALUES (8, 'No');
INSERT INTO profile_formanswer (question_id, value) VALUES (12, 'ActionScript');
INSERT INTO profile_formanswer (question_id, value) VALUES (12, 'C');
INSERT INTO profile_formanswer (question_id, value) VALUES (12, 'C++');
INSERT INTO profile_formanswer (question_id, value) VALUES (12, 'C#');
INSERT INTO profile_formanswer (question_id, value) VALUES (12, 'Django');
INSERT INTO profile_formanswer (question_id, value) VALUES (12, 'HTML/CSS');
INSERT INTO profile_formanswer (question_id, value) VALUES (12, 'Java');
INSERT INTO profile_formanswer (question_id, value) VALUES (12, 'Java on Android');
INSERT INTO profile_formanswer (question_id, value) VALUES (12, 'JavaScript');
INSERT INTO profile_formanswer (question_id, value) VALUES (12, 'Lua');
INSERT INTO profile_formanswer (question_id, value) VALUES (12, 'Objective C');
INSERT INTO profile_formanswer (question_id, value) VALUES (12, 'Objective C on iPhone');
INSERT INTO profile_formanswer (question_id, value) VALUES (12, 'Perl');
INSERT INTO profile_formanswer (question_id, value) VALUES (12, 'PHP');
INSERT INTO profile_formanswer (question_id, value) VALUES (12, 'Python');
INSERT INTO profile_formanswer (question_id, value) VALUES (12, 'Ruby');
INSERT INTO profile_formanswer (question_id, value) VALUES (12, 'Scala');
INSERT INTO profile_formanswer (question_id, value) VALUES (12, 'Swing');
INSERT INTO profile_formanswer (question_id, value) VALUES (12, 'Other');
INSERT INTO profile_formanswer (question_id, value) VALUES (13, 'Beginner');
INSERT INTO profile_formanswer (question_id, value) VALUES (13, 'Intermediate');
INSERT INTO profile_formanswer (question_id, value) VALUES (13, 'Expert');
INSERT INTO profile_formanswer (question_id, value) VALUES (15, 'Media or News Coverage');
INSERT INTO profile_formanswer (question_id, value) VALUES (15, 'Word of Mouth');
INSERT INTO profile_formanswer (question_id, value) VALUES (15, 'Conference or Event');
INSERT INTO profile_formanswer (question_id, value) VALUES (15, 'Company Where You Work');
INSERT INTO profile_formanswer (question_id, value) VALUES (15, 'Social Media');
INSERT INTO profile_formanswer (question_id, value) VALUES (16, 'Yes please!');

INSERT INTO profile_carddisplayedquestion (id, person_id, question_id) VALUES (1, 1, 1);
INSERT INTO profile_carddisplayedquestion (id, person_id, question_id) VALUES (2, 1, 2);
INSERT INTO profile_carddisplayedquestion (id, person_id, question_id) VALUES (3, 1, 3);
INSERT INTO profile_carddisplayedquestion (id, person_id, question_id) VALUES (4, 1, 4);
INSERT INTO profile_carddisplayedquestion (id, person_id, question_id) VALUES (5, 1, 5);
INSERT INTO profile_carddisplayedquestion (id, person_id, question_id) VALUES (6, 1, 12);
